{
  "build": "release",
  "mode": "zip",
  "selectedAddons": [],
  "platform": [
    "windows"
  ],
  "descriptions": false,
  "compact": false,
  "hardcoded": false,
  "javadoc": true,
  "includeJSON": true,
  "source": true,
  "osgi": false,
  "language": "kotlin",
  "contents": [
    "lwjgl",
    "lwjgl-egl",
    "lwjgl-glfw",
    "lwjgl-openal",
    "lwjgl-opengl",
    "lwjgl-opengles",
    "lwjgl-stb",
    "lwjgl-freetype"
  ],
  "version": "3.3.6",
  "versionLatest": "3.3.6"
}